date,HD
5/14/2019,191.62
5/13/2019,190.34
5/10/2019,194.58
5/9/2019,194.58
5/8/2019,195.17
5/7/2019,194.77
5/6/2019,199.63
5/3/2019,200.56
5/2/2019,201.01
5/1/2019,198.8
4/30/2019,203.7
4/29/2019,202.16
4/26/2019,203.61
4/25/2019,206.5
4/24/2019,206.72
4/23/2019,206.05
4/22/2019,204.78
4/18/2019,205.66
4/17/2019,206.55
4/16/2019,204.47
4/15/2019,204.86
4/12/2019,203.85
4/11/2019,201.48
4/10/2019,199.43
4/9/2019,200.9
4/8/2019,203.55
4/5/2019,202.06
4/4/2019,200.45
4/3/2019,198.61
4/2/2019,194.31
4/1/2019,195.64
3/29/2019,191.89
3/28/2019,190.06
3/27/2019,189.25
3/26/2019,189.34
3/25/2019,189.68
3/22/2019,188.75
3/21/2019,189.97
3/20/2019,186.1
3/19/2019,184.13
3/18/2019,183.42
3/15/2019,182.23
3/14/2019,181.61
3/13/2019,181.14
3/12/2019,184
3/11/2019,182.44
3/8/2019,181.23
3/7/2019,182.51
3/6/2019,184.45
3/5/2019,184
3/4/2019,183.81
3/1/2019,185.17
2/28/2019,185.14
2/27/2019,183.67
2/26/2019,188.3
2/25/2019,189.98
2/22/2019,192.39
2/21/2019,191.82
2/20/2019,191.85
2/19/2019,192.33
2/15/2019,192.39
2/14/2019,187.71
2/13/2019,188.41
2/12/2019,185.52
2/11/2019,182.92
2/8/2019,184.54
2/7/2019,184.07
2/6/2019,184.72
2/5/2019,186.39
2/4/2019,186.43
2/1/2019,184.37
1/31/2019,183.53
1/30/2019,182.18
1/29/2019,179.69
1/28/2019,179.83
1/25/2019,180.4
1/24/2019,177.29
1/23/2019,176.89
1/22/2019,177.11
1/18/2019,179.58
1/17/2019,174.87
1/16/2019,177.04
1/15/2019,176.47
1/14/2019,178.81
1/11/2019,179.41
1/10/2019,179.06
1/9/2019,179.73
1/8/2019,177.89
1/7/2019,177.04
1/4/2019,173.62
1/3/2019,168.61
1/2/2019,172.41
12/31/2018,171.82
12/28/2018,170.22
12/27/2018,170.32
12/26/2018,168.28
12/24/2018,158.14
12/21/2018,160.48
12/20/2018,164.16
12/19/2018,167.56
12/18/2018,170.04
12/17/2018,167.97
12/14/2018,172.29
12/13/2018,173.87
12/12/2018,174.21
12/11/2018,172.21
12/10/2018,171.69
12/7/2018,172.79
12/6/2018,175.96
12/4/2018,175.3
12/3/2018,181.74
11/30/2018,180.32
11/29/2018,175.66
11/28/2018,177.43
11/27/2018,173.22
11/26/2018,169.82
11/23/2018,168.85
11/21/2018,169.3
11/20/2018,169.05
11/19/2018,173.59
11/16/2018,177.02
11/15/2018,177.36
11/14/2018,179.9
11/13/2018,179
11/12/2018,179.43
11/9/2018,185.99
11/8/2018,188
11/7/2018,187.23
11/6/2018,182.01
11/5/2018,182.19
11/2/2018,179.93
11/1/2018,180.46
10/31/2018,175.88
10/30/2018,176.24
10/29/2018,173.2
10/26/2018,172.23
10/25/2018,179.07
10/24/2018,176.97
10/23/2018,178.53
10/22/2018,178.75
10/19/2018,179.85
10/18/2018,180.44
10/17/2018,185.17
10/16/2018,193.58
10/15/2018,191.17
10/12/2018,192.47
10/11/2018,189.74
10/10/2018,193.7
10/9/2018,195.75
10/8/2018,198.41
10/5/2018,196.38
10/4/2018,198.85
10/3/2018,203.74
10/2/2018,204.75
10/1/2018,207.6
9/28/2018,207.15
9/27/2018,206.84
9/26/2018,207.52
9/25/2018,207.46
9/24/2018,207.99
9/21/2018,212.39
9/20/2018,211.06
9/19/2018,211.68
9/18/2018,211.02
9/17/2018,208.4
9/14/2018,209.07
9/13/2018,209.45
9/12/2018,211.98
9/11/2018,213.85
9/10/2018,210.69
9/7/2018,206.23
9/6/2018,205.89
9/5/2018,204.15
9/4/2018,205.08
8/31/2018,200.77
8/30/2018,199.26
8/29/2018,201.68
8/28/2018,201.97
8/27/2018,201.98
8/24/2018,201.3
8/23/2018,200.16
8/22/2018,198.97
8/21/2018,200.23
8/20/2018,197.93
8/17/2018,195.56
8/16/2018,195.39
8/15/2018,193.99
8/14/2018,193.1
8/13/2018,194.14
8/10/2018,196.3
8/9/2018,198.08
8/8/2018,198.02
8/7/2018,197.05
8/6/2018,195.69
8/3/2018,195.64
8/2/2018,195.66
8/1/2018,196.3
7/31/2018,197.52
7/30/2018,197.28
7/27/2018,197.14
7/26/2018,199.4
7/25/2018,201
7/24/2018,201.99
7/23/2018,202.23
7/20/2018,202.45
7/19/2018,202.63
7/18/2018,200.97
7/17/2018,201.1
7/16/2018,198.88
7/13/2018,198.69
7/12/2018,197.95
7/11/2018,196.95
7/10/2018,197.61
7/9/2018,196.08
7/6/2018,194.48
7/5/2018,194.41
7/3/2018,193.62
7/2/2018,194.02
6/29/2018,195.1
6/28/2018,195.21
6/27/2018,195.02
6/26/2018,196.36
6/25/2018,196.38
6/22/2018,197.41
6/21/2018,200.31
6/20/2018,199.08
6/19/2018,199.21
6/18/2018,200.69
6/15/2018,200.54
6/14/2018,199.67
6/13/2018,200.31
6/12/2018,201.31
6/11/2018,199.64
6/8/2018,198.33
6/7/2018,196.17
6/6/2018,193.59
6/5/2018,191.94
6/4/2018,191.36
6/1/2018,187.35
5/31/2018,186.55
5/30/2018,187.09
5/29/2018,185
5/25/2018,186.85
5/24/2018,187.15
5/23/2018,186.67
5/22/2018,186.87
5/21/2018,189.79
5/18/2018,187.42
5/17/2018,185.33
5/16/2018,186.38
5/15/2018,187.98
5/14/2018,191.08
5/11/2018,190.31
5/10/2018,187.16
5/9/2018,186.36
5/8/2018,185.04
5/7/2018,183.56
5/4/2018,185.03
5/3/2018,183.19
5/2/2018,185.91
5/1/2018,184.63
4/30/2018,184.8
4/27/2018,186.46
4/26/2018,185.72
4/25/2018,177.39
4/24/2018,176.26
4/23/2018,177.66
4/20/2018,177.01
4/19/2018,177.08
4/18/2018,179.85
4/17/2018,174.91
4/16/2018,174.43
4/13/2018,172.8
4/12/2018,173.36
4/11/2018,172.86
4/10/2018,173.49
4/9/2018,172.51
4/6/2018,174.45
4/5/2018,179.13
4/4/2018,177.44
4/3/2018,173.76
4/2/2018,172.9
3/29/2018,178.24
3/28/2018,174.76
3/27/2018,174.68
3/26/2018,176.38
3/23/2018,171.8
3/22/2018,175.29
3/21/2018,178.02
3/20/2018,178.16
3/19/2018,177.1
3/16/2018,178.96
3/15/2018,178.07
3/14/2018,177.41
3/13/2018,178.35
3/12/2018,179.71
3/9/2018,182.16
3/8/2018,177.94
3/7/2018,178.58
3/6/2018,181.64
3/5/2018,181.74
3/2/2018,178.46
3/1/2018,179.64
2/28/2018,182.27
2/27/2018,184.98
2/26/2018,188.46
2/23/2018,188.35
2/22/2018,185.47
2/21/2018,183.06
2/20/2018,186.71
2/16/2018,186.97
2/15/2018,185.27
2/14/2018,184.69
2/13/2018,183.72
2/12/2018,184.06
2/9/2018,184.12
2/8/2018,181.22
2/7/2018,191.29
2/6/2018,191.04
2/5/2018,183.11
2/2/2018,193.97
2/1/2018,199.9
1/31/2018,200.9
1/30/2018,201.81
1/29/2018,204.92
1/26/2018,207.23
1/25/2018,205.37
1/24/2018,206.22
1/23/2018,204.9
1/22/2018,204.46
1/19/2018,201.33
1/18/2018,198.33
1/17/2018,199.82
1/16/2018,196.31
1/12/2018,196.42
1/11/2018,194.68
1/10/2018,191.8
1/9/2018,193.1
1/8/2018,192.04
1/5/2018,192.5
1/4/2018,190.51
1/3/2018,189.01
1/2/2018,188.03
12/29/2017,189.53
12/28/2017,189.78
12/27/2017,190.19
12/26/2017,190.36
12/22/2017,188.13
12/21/2017,188.08
12/20/2017,187.31
12/19/2017,185.98
12/18/2017,184.73
12/15/2017,182.58
12/14/2017,182.13
12/13/2017,183.03
12/12/2017,181.8
12/11/2017,182.25
12/8/2017,183.41
12/7/2017,182
12/6/2017,180.8
12/5/2017,182.85
12/4/2017,184.9
12/1/2017,180.42
11/30/2017,179.82
11/29/2017,177.25
11/28/2017,176.57
11/27/2017,174.16
11/24/2017,172.33
11/22/2017,172.06
11/21/2017,172.86
11/20/2017,170.45
11/17/2017,167.74
11/16/2017,167.5
11/15/2017,165.47
11/14/2017,168.06
11/13/2017,165.35
11/10/2017,164.11
11/9/2017,163.27
11/8/2017,164.05
11/7/2017,163.66
11/6/2017,164.22
11/3/2017,164.39
11/2/2017,162.71
11/1/2017,165.38
10/31/2017,165.78
10/30/2017,165.31
10/27/2017,167.34
10/26/2017,167.65
10/25/2017,166.07
10/24/2017,166.03
10/23/2017,164.74
10/20/2017,163.43
10/19/2017,163.24
10/18/2017,163.45
10/17/2017,163.35
10/16/2017,164.22
10/13/2017,164.47
10/12/2017,164.59
10/11/2017,165.25
10/10/2017,165.16
10/9/2017,165.71
10/6/2017,165.85
10/5/2017,166.12
10/4/2017,165.29
10/3/2017,165.17
10/2/2017,164.02
9/29/2017,163.56
9/28/2017,162.36
9/27/2017,160.92
9/26/2017,161.26
9/25/2017,161.1
9/22/2017,159.97
9/21/2017,159.19
9/20/2017,158.68
9/19/2017,157.66
9/18/2017,157.81
9/15/2017,158.4
9/14/2017,159.38
9/13/2017,160.02
9/12/2017,159.91
9/11/2017,158.37
9/8/2017,159.66
9/7/2017,157.93
9/6/2017,156.56
9/5/2017,152.93
9/1/2017,150.78
8/31/2017,149.87
8/30/2017,150
8/29/2017,149.84
8/28/2017,151.39
8/25/2017,149.65
8/24/2017,148.25
8/23/2017,149.1
8/22/2017,149.91
8/21/2017,149.2
8/18/2017,147.49
8/17/2017,149.67
8/16/2017,152.25
8/15/2017,150.17
8/14/2017,154.26
8/11/2017,154.88
8/10/2017,153.88
8/9/2017,155.26
8/8/2017,153.35
8/7/2017,153.35
8/4/2017,152.75
8/3/2017,150.79
8/2/2017,150.5
8/1/2017,149.85
7/31/2017,149.6
7/28/2017,148.08
7/27/2017,147.73
7/26/2017,146.69
7/25/2017,146.97
7/24/2017,144.58
7/21/2017,146.65
7/20/2017,147.03
7/19/2017,153.3
7/18/2017,152.17
7/17/2017,153.89
7/14/2017,152.88
7/13/2017,153.29
7/12/2017,152.59
7/11/2017,150.6
7/10/2017,151.18
7/7/2017,152.23
7/6/2017,152.05
7/5/2017,152.69
7/3/2017,154.01
6/30/2017,153.4
6/29/2017,152.16
6/28/2017,153.23
6/27/2017,152.24
6/26/2017,151.42
6/23/2017,151.31
6/22/2017,155.48
6/21/2017,156.59
6/20/2017,157.67
6/19/2017,158.81
6/16/2017,156.64
6/15/2017,156.77
6/14/2017,156.76
6/13/2017,153.99
6/12/2017,152.18
6/9/2017,152.96
6/8/2017,153.5
6/7/2017,154.96
6/6/2017,154.2
6/5/2017,154.79
6/2/2017,155.35
6/1/2017,155.15
5/31/2017,153.51
5/30/2017,153.88
5/26/2017,154.9
5/25/2017,156.46
5/24/2017,155
5/23/2017,154.83
5/22/2017,155.96
5/19/2017,156.3
5/18/2017,155.7
5/17/2017,156.09
5/16/2017,158.26
5/15/2017,157.33
5/12/2017,156.92
5/11/2017,156.2
5/10/2017,158.13
5/9/2017,157.68
5/8/2017,156.89
5/5/2017,155.73
5/4/2017,154.86
5/3/2017,155
5/2/2017,154.95
5/1/2017,154.21
4/28/2017,156.1
4/27/2017,156.12
4/26/2017,154.22
4/25/2017,153.03
4/24/2017,151.89
4/21/2017,150
4/20/2017,148.72
4/19/2017,147.22
4/18/2017,147.76
4/17/2017,147.31
4/13/2017,145.91
4/12/2017,146.54
4/11/2017,148.2
4/10/2017,148.21
4/7/2017,147.13
4/6/2017,147.24
4/5/2017,146.64
4/4/2017,146.34
4/3/2017,146.62
3/31/2017,146.83
3/30/2017,146.95
3/29/2017,147.04
3/28/2017,147.2
3/27/2017,146.87
3/24/2017,147.71
3/23/2017,147.99
3/22/2017,147.36
3/21/2017,146.61
3/20/2017,147.8
3/17/2017,149.6
3/16/2017,148.73
3/15/2017,147.95
3/14/2017,147.16
3/13/2017,147.43
3/10/2017,146.85
3/9/2017,146.62
3/8/2017,146.92
3/7/2017,146.02
3/6/2017,147.13
3/3/2017,147.81
3/2/2017,147.95
3/1/2017,146.68
2/28/2017,144.91
2/27/2017,145.3
2/24/2017,145.95
2/23/2017,144.71
2/22/2017,145.25
2/21/2017,145.02
2/17/2017,143
2/16/2017,141.54
2/15/2017,142.19
2/14/2017,141.36
2/13/2017,139.87
2/10/2017,139.85
2/9/2017,138.71
2/8/2017,137.88
2/7/2017,136.65
2/6/2017,136.49
2/3/2017,137.98
2/2/2017,136.95
2/1/2017,137.44
1/31/2017,137.58
1/30/2017,138.47
1/27/2017,138.33
1/26/2017,138.46
1/25/2017,137.48
1/24/2017,138.06
1/23/2017,138.07
1/20/2017,135.6
1/19/2017,135.39
1/18/2017,136.16
1/17/2017,135.93
1/13/2017,135.04
1/12/2017,135.07
1/11/2017,135.7
1/10/2017,136.1
1/9/2017,134.31
1/6/2017,133.53
1/5/2017,133.9
1/4/2017,135.5
1/3/2017,134.31
12/30/2016,134.08
12/29/2016,135.1
12/28/2016,135.07
12/27/2016,135.26
12/23/2016,135.05
12/22/2016,135.43
12/21/2016,136.83
12/20/2016,137.11
12/19/2016,135.44
12/16/2016,135.11
12/15/2016,135.84
12/14/2016,135.98
12/13/2016,136.54
12/12/2016,134.58
12/9/2016,133.39
12/8/2016,132.53
12/7/2016,132.46
12/6/2016,128.74
12/5/2016,129.68
12/2/2016,129.87
12/1/2016,129.47
11/30/2016,129.4
11/29/2016,129.62
11/28/2016,130.64
11/25/2016,131.57
11/23/2016,131.21
11/22/2016,130.98
11/21/2016,128.22
11/18/2016,128.33
11/17/2016,128.93
11/16/2016,125.33
11/15/2016,124.4
11/14/2016,127.67
11/11/2016,129.85
11/10/2016,129.03
11/9/2016,126.02
11/8/2016,124.25
11/7/2016,123.75
11/4/2016,120.91
11/3/2016,120.18
11/2/2016,120.29
11/1/2016,119.89
10/31/2016,122.01
10/28/2016,123.58
10/27/2016,122.26
10/26/2016,122.71
10/25/2016,123.34
10/24/2016,127.78
10/21/2016,126.6
10/20/2016,126.25
10/19/2016,125.89
10/18/2016,125.74
10/17/2016,125.14
10/14/2016,126.42
10/13/2016,126.29
10/12/2016,126.69
10/11/2016,125.85
10/10/2016,127.25
10/7/2016,128.31
10/6/2016,130.19
10/5/2016,127.58
10/4/2016,128.2
10/3/2016,128.5
9/30/2016,128.68
9/29/2016,127.93
9/28/2016,128.27
9/27/2016,126.82
9/26/2016,125.45
9/23/2016,127.79
9/22/2016,128.75
9/21/2016,128.11
9/20/2016,126.83
9/19/2016,126.29
9/16/2016,126.11
9/15/2016,126.96
9/14/2016,126.26
9/13/2016,125.72
9/12/2016,128.59
9/9/2016,127.74
9/8/2016,131.26
9/7/2016,132.79
9/6/2016,134.1
9/2/2016,135.15
9/1/2016,134.23
8/31/2016,134.12
8/30/2016,134.1
8/29/2016,135.24
8/26/2016,134.36
8/25/2016,135.43
8/24/2016,135.06
8/23/2016,136.22
8/22/2016,135.34
8/19/2016,135.46
8/18/2016,134.8
8/17/2016,136.15
8/16/2016,136.23
8/15/2016,137.06
8/12/2016,136.57
8/11/2016,137.04
8/10/2016,135.6
8/9/2016,136.11
8/8/2016,136.21
8/5/2016,136.91
8/4/2016,136.05
8/3/2016,137.06
8/2/2016,137.22
8/1/2016,138.77
7/29/2016,138.24
7/28/2016,137.96
7/27/2016,136.31
7/26/2016,136.75
7/25/2016,136.5
7/22/2016,136.52
7/21/2016,136.07
7/20/2016,137.41
7/19/2016,136.98
7/18/2016,136.34
7/15/2016,134.78
7/14/2016,134.54
7/13/2016,133.56
7/12/2016,134.84
7/11/2016,135.15
7/8/2016,134.34
7/7/2016,131.16
7/6/2016,131.57
7/5/2016,129.35
7/1/2016,129.62
6/30/2016,127.69
6/29/2016,127.37
6/28/2016,127.53
6/27/2016,124.67
6/24/2016,126.4
6/23/2016,128.29
6/22/2016,127.6
6/21/2016,127.74
6/20/2016,127.62
6/17/2016,127.14
6/16/2016,127.36
6/15/2016,126.53
6/14/2016,125.24
6/13/2016,127.83
6/10/2016,128.83
6/9/2016,129.3
6/8/2016,129.59
6/7/2016,129.92
6/6/2016,129.19
6/3/2016,131.74
6/2/2016,132.41
6/1/2016,131.83
5/31/2016,132.12
5/27/2016,133.94
5/26/2016,134.05
5/25/2016,133.2
5/24/2016,133.36
5/23/2016,131.42
5/20/2016,131.85
5/19/2016,131.73
5/18/2016,131.77
5/17/2016,132
5/16/2016,135.34
5/13/2016,133.13
5/12/2016,134.19
5/11/2016,134.3
5/10/2016,137.51
5/9/2016,136.24
5/6/2016,135.7
5/5/2016,134.67
5/4/2016,135.16
5/3/2016,134.54
5/2/2016,136.05
4/29/2016,133.89
4/28/2016,132.73
4/27/2016,135.75
4/26/2016,135.34
4/25/2016,135.65
4/22/2016,135.66
4/21/2016,134.6
4/20/2016,135.19
4/19/2016,135.44
4/18/2016,136.8
4/15/2016,135.01
4/14/2016,134.37
4/13/2016,133.84
4/12/2016,134.38
4/11/2016,133.01
4/8/2016,133.62
4/7/2016,133.87
4/6/2016,135.44
4/5/2016,134.58
4/4/2016,134.85
4/1/2016,134.85
3/31/2016,133.43
3/30/2016,133.42
3/29/2016,132.47
3/28/2016,131.08
3/24/2016,130.46
3/23/2016,130.22
3/22/2016,130.59
3/21/2016,131.01
3/18/2016,131.35
3/17/2016,130.88
3/16/2016,130.45
3/15/2016,129.71
3/14/2016,128.84
3/11/2016,128.46
3/10/2016,125.89
3/9/2016,126.03
3/8/2016,126.72
3/7/2016,126.17
3/4/2016,125.56
3/3/2016,126.8
3/2/2016,125.59
3/1/2016,125.7
2/29/2016,124.12
2/26/2016,126.26
2/25/2016,126.86
2/24/2016,125.61
2/23/2016,124.53
2/22/2016,122.85
2/19/2016,121.69
2/18/2016,119.97
2/17/2016,121.21
2/16/2016,119.43
2/12/2016,116.32
2/11/2016,113.27
2/10/2016,114.33
2/9/2016,113.86
2/8/2016,111.85
2/5/2016,116.43
2/4/2016,121.11
2/3/2016,123.79
2/2/2016,125.27
2/1/2016,126.51
1/29/2016,125.76
1/28/2016,122.28
1/27/2016,121.57
1/26/2016,122.2
1/25/2016,121.71
1/22/2016,122.76
1/21/2016,120.22
1/20/2016,116.46
1/19/2016,119.76
1/15/2016,119.23
1/14/2016,119.62
1/13/2016,121.4
1/12/2016,127.49
1/11/2016,125.78
1/8/2016,123.9
1/7/2016,125.4
1/6/2016,129.08
1/5/2016,130.43
1/4/2016,131.07
12/31/2015,132.25
12/30/2015,133.35
12/29/2015,133.7
12/28/2015,132.68
12/24/2015,132.9
12/23/2015,133.11
12/22/2015,131.88
12/21/2015,131.31
12/18/2015,130.29
12/17/2015,131.35
12/16/2015,132.9
12/15/2015,131.29
12/14/2015,132.01
12/11/2015,130.44
12/10/2015,132.54
12/9/2015,131.9
12/8/2015,133.84
12/7/2015,133.93
12/4/2015,134.53
12/3/2015,130.93
12/2/2015,133.81
12/1/2015,134.43
11/30/2015,133.88
11/27/2015,134.74
11/25/2015,134.65
11/24/2015,133.6
11/23/2015,132.5
11/20/2015,130.21
11/19/2015,126.86
11/18/2015,126.54
11/17/2015,126.18
11/16/2015,120.84
11/13/2015,120
11/12/2015,123.81
11/11/2015,124.71
11/10/2015,125.26
11/9/2015,124.5
11/6/2015,125.98
11/5/2015,125.72
11/4/2015,125.38
11/3/2015,125.66
11/2/2015,124.41
10/30/2015,123.64
10/29/2015,123.63
10/28/2015,123.82
10/27/2015,124.47
10/26/2015,125.01
10/23/2015,124.61
10/22/2015,124.36
10/21/2015,123.3
10/20/2015,122.85
10/19/2015,123.1
10/16/2015,122.74
10/15/2015,121.81
10/14/2015,120.27
10/13/2015,121.61
10/12/2015,121.9
10/9/2015,121.33
10/8/2015,121.06
10/7/2015,119.65
10/6/2015,118.68
10/5/2015,119.2
10/2/2015,117.81
10/1/2015,117.03
9/30/2015,115.49
9/29/2015,112.91
9/28/2015,114.1
9/25/2015,116.74
9/24/2015,116.34
9/23/2015,116.17
9/22/2015,115.8
9/21/2015,116.58
9/18/2015,115.12
9/17/2015,117.91
9/16/2015,117.82
9/15/2015,116.18
9/14/2015,114.73
9/11/2015,115.44
9/10/2015,114.49
9/9/2015,113.97
9/8/2015,116.43
9/4/2015,114.42
9/3/2015,116.6
9/2/2015,116.48
9/1/2015,113.07
8/31/2015,116.46
8/28/2015,117.52
8/27/2015,117.66
8/26/2015,115.93
8/25/2015,110.97
8/24/2015,112.54
8/21/2015,116.16
8/20/2015,120.54
8/19/2015,122.76
8/18/2015,122.8
8/17/2015,119.7
8/14/2015,119.75
8/13/2015,119.02
8/12/2015,117.69
8/11/2015,117.69
8/10/2015,117.6
8/7/2015,116.93
8/6/2015,116.56
8/5/2015,118
8/4/2015,117.53
8/3/2015,116.89
7/31/2015,117.03
7/30/2015,116.46
7/29/2015,116.37
7/28/2015,114.84
7/27/2015,113.07
7/24/2015,113.59
7/23/2015,114.59
7/22/2015,114.9
7/21/2015,113.86
7/20/2015,113.41
7/17/2015,114.47
7/16/2015,114.73
7/15/2015,115.58
7/14/2015,115.36
7/13/2015,114.9
7/10/2015,113.1
7/9/2015,111.38
7/8/2015,111
7/7/2015,112.4
7/6/2015,111.32
7/2/2015,111.49
7/1/2015,112.07
6/30/2015,111.13
6/29/2015,110.54
6/26/2015,112.6
6/25/2015,112.24
6/24/2015,112.35
6/23/2015,113.18
6/22/2015,113.07
6/19/2015,112.43
6/18/2015,111.85
6/17/2015,110.47
6/16/2015,110.23
6/15/2015,110.01
6/12/2015,110.6
6/11/2015,111.29
6/10/2015,110.98
6/9/2015,109.53
6/8/2015,109.93
6/5/2015,110.37
6/4/2015,111.46
6/3/2015,113.16
6/2/2015,111.59
6/1/2015,111.67
5/29/2015,111.42
5/28/2015,112.19
5/27/2015,112.16
5/26/2015,110.93
5/22/2015,112.16
5/21/2015,112.01
5/20/2015,112.1
5/19/2015,112.34
5/18/2015,114.33
5/15/2015,113.35
5/14/2015,111.94
5/13/2015,111.19
5/12/2015,112.52
5/11/2015,111.9
5/8/2015,112.47
5/7/2015,110.04
5/6/2015,108.31
5/5/2015,108.06
5/4/2015,110.06
5/1/2015,109.55
4/30/2015,106.98
4/29/2015,108.71
4/28/2015,110.58
4/27/2015,111.39
4/24/2015,113.7
4/23/2015,113.96
4/22/2015,112.99
4/21/2015,113.17
4/20/2015,112.86
4/17/2015,112.1
4/16/2015,113.37
4/15/2015,113.45
4/14/2015,114.05
4/13/2015,114.44
4/10/2015,115.24
4/9/2015,114.57
4/8/2015,115.59
4/7/2015,114.3
4/6/2015,114.95
4/2/2015,114.54
4/1/2015,113.13
3/31/2015,113.61
3/30/2015,114.63
3/27/2015,113.86
3/26/2015,112.37
3/25/2015,113.68
3/24/2015,116.15
3/23/2015,116.07
3/20/2015,117.49
3/19/2015,115.16
3/18/2015,116.08
3/17/2015,115.58
3/16/2015,116.5
3/13/2015,114.82
3/12/2015,116.1
3/11/2015,113.07
3/10/2015,112.56
3/9/2015,115.25
3/6/2015,114.45
3/5/2015,115.91
3/4/2015,114.76
3/3/2015,116.07
3/2/2015,116.12
2/27/2015,114.75
2/26/2015,115.38
2/25/2015,116.31
2/24/2015,116.75
2/23/2015,112.28
2/20/2015,112.24
2/19/2015,110.94
2/18/2015,111.99
2/17/2015,112
2/13/2015,111.89
2/12/2015,112.16
2/11/2015,110.31
2/10/2015,110.67
2/9/2015,108.34
2/6/2015,109.04
2/5/2015,108.99
2/4/2015,108.41
2/3/2015,107.24
2/2/2015,104.43
1/30/2015,104.42
1/29/2015,107.62
1/28/2015,104.74
1/27/2015,105.16
1/26/2015,106.36
1/23/2015,105.37
1/22/2015,106.07
1/21/2015,103.53
1/20/2015,103.25
1/16/2015,104.12
1/15/2015,101.01
1/14/2015,102.64
1/13/2015,103.73
1/12/2015,104.42
1/9/2015,104.89
1/8/2015,106.72
1/7/2015,104.41
1/6/2015,100.95
1/5/2015,101.26
1/2/2015,103.43
12/31/2014,104.97
12/30/2014,104.27
12/29/2014,104.53
12/26/2014,103.75
12/24/2014,103.56
12/23/2014,103.76
12/22/2014,103.5
12/19/2014,101.93
12/18/2014,100.67
12/17/2014,98.94
12/16/2014,97.06
12/15/2014,100.05
12/12/2014,99.78
12/11/2014,100.27
12/10/2014,98.94
12/9/2014,99.64
12/8/2014,100.43
12/5/2014,99.64
12/4/2014,98.95
12/3/2014,98.59
12/2/2014,98.16
12/1/2014,98.88
11/28/2014,99.4
11/26/2014,97.7
11/25/2014,97.01
11/24/2014,98.4
11/21/2014,98.28
11/20/2014,97.57
11/19/2014,96.7
11/18/2014,95.98
11/17/2014,98.03
11/14/2014,98.24
11/13/2014,99
11/12/2014,98.49
11/11/2014,98.14
11/10/2014,98.16
11/7/2014,97.65
11/6/2014,97.29
11/5/2014,95.78
11/4/2014,95.96
11/3/2014,96.09
10/31/2014,97.52
10/30/2014,97.52
10/29/2014,96.42
10/28/2014,96.59
10/27/2014,95.47
10/24/2014,94.99
10/23/2014,94.8
10/22/2014,93.34
10/21/2014,94.2
10/20/2014,91.85
10/17/2014,90.24
10/16/2014,88.88
10/15/2014,87.85
10/14/2014,90.1
10/13/2014,90.6
10/10/2014,92.55
10/9/2014,93.07
10/8/2014,94.09
10/7/2014,92.47
10/6/2014,93.26
10/3/2014,93.54
10/2/2014,92.24
10/1/2014,91.02
9/30/2014,91.74
9/29/2014,92.88
9/26/2014,92.84
9/25/2014,91.9
9/24/2014,93.02
9/23/2014,91.49
9/22/2014,91.89
9/19/2014,92.34
9/18/2014,92.09
9/17/2014,91.22
9/16/2014,90.27
9/15/2014,89.38
9/12/2014,88.84
9/11/2014,89.22
9/10/2014,89.25
9/9/2014,88.93
9/8/2014,90.82
9/5/2014,91.61
9/4/2014,89.93
9/3/2014,89
9/2/2014,91.15
8/29/2014,93.5
8/28/2014,92.51
8/27/2014,91.87
8/26/2014,91.63
8/25/2014,91.2
8/22/2014,91.03
8/21/2014,91.15
8/20/2014,90.75
8/19/2014,88.23
8/18/2014,83.59
8/15/2014,83.69
8/14/2014,83.86
8/13/2014,83.12
8/12/2014,82.92
8/11/2014,82.88
8/8/2014,82.43
8/7/2014,80.47
8/6/2014,80.52
8/5/2014,80.03
8/4/2014,80.03
8/1/2014,79.75
7/31/2014,80.85
7/30/2014,81.76
7/29/2014,80.98
7/28/2014,81.07
7/25/2014,81.03
7/24/2014,81.2
7/23/2014,81.02
7/22/2014,80.54
7/21/2014,79.71
7/18/2014,80.08
7/17/2014,79.55
7/16/2014,79.66
7/15/2014,79.86
7/14/2014,79.46
7/11/2014,79.61
7/10/2014,79.4
7/9/2014,80.73
7/8/2014,80.76
7/7/2014,81.42
7/3/2014,82.05
7/2/2014,81.98
7/1/2014,81.82
6/30/2014,80.96
6/27/2014,81.13
6/26/2014,80.75
6/25/2014,80.53
6/24/2014,80.43
6/23/2014,80.64
6/20/2014,80.17
6/19/2014,80.44
6/18/2014,80.71
6/17/2014,80.02
6/16/2014,78.9
6/13/2014,78.07
6/12/2014,78.43
6/11/2014,79.81
6/10/2014,80.74
6/9/2014,80.61
6/6/2014,80.64
6/5/2014,80.38
6/4/2014,80.54
6/3/2014,80.67
6/2/2014,80.84
5/30/2014,80.23
5/29/2014,79.9
5/28/2014,79.68
5/27/2014,79.69
5/23/2014,79.18
5/22/2014,78.78
5/21/2014,78.08
5/20/2014,77.96
5/19/2014,76.5
5/16/2014,77.36
5/15/2014,76.24
5/14/2014,76.31
5/13/2014,77.27
5/12/2014,78.27
5/9/2014,77.71
5/8/2014,77.05
5/7/2014,77.08
5/6/2014,77.42
5/5/2014,78.69
5/2/2014,79.4
5/1/2014,79.33
4/30/2014,79.51
4/29/2014,79.52
4/28/2014,80.17
4/25/2014,79.38
4/24/2014,79.77
4/23/2014,78.52
4/22/2014,79.67
4/21/2014,77.96
4/17/2014,77.09
4/16/2014,76.58
4/15/2014,75.89
4/14/2014,75.97
4/11/2014,75.7
4/10/2014,76.78
4/9/2014,77.76
4/8/2014,77.11
4/7/2014,77.13
4/4/2014,78.72
4/3/2014,79.4
4/2/2014,79.95
4/1/2014,79.38
3/31/2014,79.13
3/28/2014,78.72
3/27/2014,78.68
3/26/2014,78.87
3/25/2014,79.47
3/24/2014,79.66
3/21/2014,80.42
3/20/2014,80.09
3/19/2014,79.75
3/18/2014,79.82
3/17/2014,79.58
3/14/2014,79.38
3/13/2014,78.8
3/12/2014,80.56
3/11/2014,81.29
3/10/2014,82.18
3/7/2014,82.55
3/6/2014,82.41
3/5/2014,82.91
3/4/2014,82.87
3/3/2014,82
2/28/2014,82.03
2/27/2014,81.97
2/26/2014,81.7
2/25/2014,80.98
2/24/2014,77.87
2/21/2014,77.74
2/20/2014,77.48
2/19/2014,76.45
2/18/2014,77.57
2/14/2014,77.93
2/13/2014,77.59
2/12/2014,77.28
2/11/2014,76.7
2/10/2014,76.41
2/7/2014,76.45
2/6/2014,76.16
2/5/2014,75.26
2/4/2014,74.97
2/3/2014,75.09
1/31/2014,76.85
1/30/2014,76.93
1/29/2014,76.68
1/28/2014,78.54
1/27/2014,78.94
1/24/2014,79.16
1/23/2014,80.24
1/22/2014,80.2
1/21/2014,80.46
1/17/2014,81
1/16/2014,81.26
1/15/2014,81.07
1/14/2014,81.01
1/13/2014,80.97
1/10/2014,82.01
1/9/2014,81.57
1/8/2014,81.93
1/7/2014,81.5
1/6/2014,81.1
1/3/2014,81.89
1/2/2014,82.02
12/31/2013,82.34
12/30/2013,81.94
12/27/2013,81.64
12/26/2013,81.55
12/24/2013,80.64
12/23/2013,80.56
12/20/2013,80.04
12/19/2013,79.95
12/18/2013,80.05
12/17/2013,78.62
12/16/2013,79.1
12/13/2013,79.01
12/12/2013,78.53
12/11/2013,79
12/10/2013,78.61
12/9/2013,79.6
12/6/2013,79.84
12/5/2013,78.54
12/4/2013,78.4
12/3/2013,78.71
12/2/2013,79.77
11/29/2013,80.67
11/27/2013,80.66
11/26/2013,80.35
11/25/2013,79.75
11/22/2013,79.18
11/21/2013,79.83
11/20/2013,79.75
11/19/2013,80.38
11/18/2013,79.67
11/15/2013,80.03
11/14/2013,78.94
11/13/2013,77.6
11/12/2013,76.18
11/11/2013,75.37
11/8/2013,75.48
11/7/2013,75.69
11/6/2013,76.42
11/5/2013,76.65
11/4/2013,77
11/1/2013,76.99
10/31/2013,77.89
10/30/2013,77.88
10/29/2013,77.5
10/28/2013,76.06
10/25/2013,76.25
10/24/2013,76.78
10/23/2013,75.08
10/22/2013,74.86
10/21/2013,74.62
10/18/2013,74.69
10/17/2013,75.74
10/16/2013,74.94
10/15/2013,75.18
10/14/2013,76.35
10/11/2013,76.32
10/10/2013,75.51
10/9/2013,74.14
10/8/2013,74.27
10/7/2013,75.13
10/4/2013,75.78
10/3/2013,75.88
10/2/2013,76.32
10/1/2013,76.26
9/30/2013,75.85
9/27/2013,75.96
9/26/2013,76.07
9/25/2013,75.52
9/24/2013,76.04
9/23/2013,75.91
9/20/2013,77
9/19/2013,78.51
9/18/2013,77.37
9/17/2013,75.8
9/16/2013,75.54
9/13/2013,75.11
9/12/2013,75.4
9/11/2013,75.04
9/10/2013,74.6
9/9/2013,73.58
9/6/2013,72.7
9/5/2013,72.99
9/4/2013,74.14
9/3/2013,73.9
8/30/2013,74.49
8/29/2013,75.05
8/28/2013,75.03
8/27/2013,74.12
8/26/2013,75.43
8/23/2013,73.89
8/22/2013,74
8/21/2013,73.73
8/20/2013,74.29
8/19/2013,75.21
8/16/2013,75.38
8/15/2013,75.14
8/14/2013,77.44
8/13/2013,79.44
8/12/2013,79.2
8/9/2013,78.97
8/8/2013,80.04
8/7/2013,78.83
8/6/2013,80.05
8/5/2013,79.66
8/2/2013,80.23
8/1/2013,78.64
7/31/2013,79.03
7/30/2013,78.6
7/29/2013,78.67
7/26/2013,78.74
7/25/2013,78.99
7/24/2013,80.27
7/23/2013,80.19
7/22/2013,80
7/19/2013,79.89
7/18/2013,80.02
7/17/2013,80.44
7/16/2013,80.22
7/15/2013,80.4
7/12/2013,80.54
7/11/2013,79.86
7/10/2013,79.4
7/9/2013,79.7
7/8/2013,79.22
7/5/2013,78.29
7/3/2013,77.73
7/2/2013,77.31
7/1/2013,76.87
6/28/2013,77.47
6/27/2013,76.27
6/26/2013,75.67
6/25/2013,74.14
6/24/2013,73.51
6/21/2013,73.82
6/20/2013,73.87
6/19/2013,75.93
6/18/2013,77.19
6/17/2013,76.14
6/14/2013,76.59
6/13/2013,76.53
6/12/2013,76.4
6/11/2013,77.61
6/10/2013,77.73
6/7/2013,78.74
6/6/2013,77.26
6/5/2013,75.1
6/4/2013,76.63
6/3/2013,79.08
5/31/2013,78.66
5/30/2013,79.44
5/29/2013,79.49
5/28/2013,79.82
5/24/2013,78.99
5/23/2013,78.91
5/22/2013,79.69
5/21/2013,78.71
5/20/2013,76.76
5/17/2013,76.86
5/16/2013,76.75
5/15/2013,77.88
5/14/2013,77.32
5/13/2013,76.67
5/10/2013,76.01
5/9/2013,75.87
5/8/2013,75.42
5/7/2013,75.07
5/6/2013,75.26
5/3/2013,73.96
5/2/2013,73.33
5/1/2013,72.76
4/30/2013,73.35
4/29/2013,73.67
4/26/2013,73.35
4/25/2013,73.37
4/24/2013,73.28
4/23/2013,73.38
4/22/2013,73.86
4/19/2013,74
4/18/2013,72.48
4/17/2013,72.8
4/16/2013,72.46
4/15/2013,72.23
4/12/2013,73.62
4/11/2013,71.9
4/10/2013,71.69
4/9/2013,71.2
4/8/2013,71.22
4/5/2013,70.06
4/4/2013,70.69
4/3/2013,70.36
4/2/2013,71.02
4/1/2013,69.67
3/28/2013,69.78
3/27/2013,69.65
3/26/2013,70.05
3/25/2013,69.47
3/22/2013,69.56
3/21/2013,68.95
3/20/2013,68.88
3/19/2013,68.79
3/18/2013,69.35
3/15/2013,69.05
3/14/2013,70.24
3/13/2013,70.76
3/12/2013,70.75
3/11/2013,71.32
3/8/2013,71.37
3/7/2013,70.25
3/6/2013,70.48
3/5/2013,70.47
3/4/2013,70.29
3/1/2013,69.03
2/28/2013,68.5
2/27/2013,68.06
2/26/2013,67.56
2/25/2013,63.92
2/22/2013,65.58
2/21/2013,64.38
2/20/2013,66.44
2/19/2013,67.55
2/15/2013,67.52
2/14/2013,67.34
2/13/2013,67.45
2/12/2013,67.32
2/11/2013,66.38
2/8/2013,67.01
2/7/2013,66.31
2/6/2013,66.67
2/5/2013,66.39
2/4/2013,66.36
2/1/2013,67.3
1/31/2013,66.92
1/30/2013,67.24
1/29/2013,67.2
1/28/2013,67.58
1/25/2013,67.82
1/24/2013,67.35
1/23/2013,66.46
1/22/2013,65.75
1/18/2013,65.47
1/17/2013,65.05
1/16/2013,63.86
1/15/2013,63.95
1/14/2013,63.48
1/11/2013,63.7
1/10/2013,63.62
1/9/2013,63.17
1/8/2013,63.22
1/7/2013,62.8412
1/4/2013,63.18
1/3/2013,63.3
1/2/2013,63.48
12/31/2012,61.85
12/28/2012,60.65
12/27/2012,61.07
12/26/2012,61.14
12/24/2012,61.57
12/21/2012,61.32
12/20/2012,61.97
12/19/2012,61.77
12/18/2012,63
12/17/2012,63.31
12/14/2012,62.06
12/13/2012,62.41
12/12/2012,62.93
12/11/2012,62.89
12/10/2012,63.04
12/7/2012,64.45
12/6/2012,64.34
12/5/2012,64.02
12/4/2012,64.24
12/3/2012,64.98
11/30/2012,65.07
11/29/2012,64.24
11/28/2012,64.83
11/27/2012,64.16
11/26/2012,64.67
11/23/2012,64.82
11/21/2012,64.09
11/20/2012,63.82
11/19/2012,63.33
11/16/2012,62.12
11/15/2012,61.25
11/14/2012,61.47
11/13/2012,63.38
11/12/2012,61.16
11/9/2012,60.96
11/8/2012,60.86
11/7/2012,61.99
11/6/2012,62.62
11/5/2012,62.38
11/2/2012,62.02
11/1/2012,62.26
10/31/2012,61.38
10/26/2012,60.04
10/25/2012,60.48
10/24/2012,61.28
10/23/2012,61.75
10/22/2012,62.04
10/19/2012,61.89
10/18/2012,61.8
10/17/2012,61.39
10/16/2012,60.86
10/15/2012,60.65
10/12/2012,59.56
10/11/2012,59.01
10/10/2012,59.74
10/9/2012,60.95
10/8/2012,61.88
10/5/2012,63.2
10/4/2012,61.74
10/3/2012,61.77
10/2/2012,60.33
10/1/2012,60.57
9/28/2012,60.37
9/27/2012,59.88
9/26/2012,59.17
9/25/2012,59.72
9/24/2012,59.39
9/21/2012,59.42
9/20/2012,59.28
9/19/2012,59.47
9/18/2012,58.86
9/17/2012,58.91
9/14/2012,59.46
9/13/2012,58.3
9/12/2012,57.05
9/11/2012,56.72
9/10/2012,57.3
9/7/2012,57.26
9/6/2012,57.65
9/5/2012,56.54
9/4/2012,56.79
8/31/2012,56.75
8/30/2012,56.62
8/29/2012,56.84
8/28/2012,56.53
8/27/2012,56.67
8/24/2012,56.96
8/23/2012,56.55
8/22/2012,56.64
8/21/2012,56.32
8/20/2012,56.57
8/17/2012,56.73
8/16/2012,56.31
8/15/2012,55
8/14/2012,54.71
8/13/2012,52.82
8/10/2012,53.06
8/9/2012,53.15
8/8/2012,52.79
8/7/2012,52.4
8/6/2012,52
8/3/2012,52.29
8/2/2012,51.39
8/1/2012,51.68
7/31/2012,52.18
7/30/2012,53.25
7/27/2012,53.71
7/26/2012,52.91
7/25/2012,51.07
7/24/2012,51.17
7/23/2012,50.96
7/20/2012,50.7
7/19/2012,50.96
7/18/2012,50.91
7/17/2012,50.72
7/16/2012,51.45
7/13/2012,52.09
7/12/2012,51.55
7/11/2012,51.67
7/10/2012,52.22
7/9/2012,52.12
7/6/2012,52.15
7/5/2012,52.11
7/3/2012,51.65
7/2/2012,53.01
6/29/2012,52.99
6/28/2012,51.69
6/27/2012,51.55
6/26/2012,51.88
6/25/2012,51.52
6/22/2012,52.02
6/21/2012,51.26
6/20/2012,52.83
6/19/2012,52.97
6/18/2012,52.32
6/15/2012,51.87
6/14/2012,52.16
6/13/2012,50.97
6/12/2012,52.24
6/11/2012,51.35
6/8/2012,52.35
6/7/2012,51.24
6/6/2012,50.6
6/5/2012,48.92
6/4/2012,48.76
6/1/2012,47.96
5/31/2012,49.34
5/30/2012,49.71
5/29/2012,49.78
5/25/2012,49.44
5/24/2012,49.71
5/23/2012,48.74
5/22/2012,48.26
5/21/2012,47.61
5/18/2012,47.05
5/17/2012,47.02
5/16/2012,48.77
5/15/2012,48.67
5/14/2012,49.88
5/11/2012,50.34
5/10/2012,50.62
5/9/2012,50.11
5/8/2012,50.62
5/7/2012,51.39
5/4/2012,51.96
5/3/2012,52.47
5/2/2012,52.71
5/1/2012,52.32
4/30/2012,51.79
4/27/2012,51.95
4/26/2012,51.87
4/25/2012,51.91
4/24/2012,51.23
4/23/2012,51.1
4/20/2012,51.46
4/19/2012,51.56
4/18/2012,51.81
4/17/2012,52.03
4/16/2012,51.69
4/13/2012,50.96
4/12/2012,50.63
4/11/2012,49.75
4/10/2012,49.36
4/9/2012,50.58
4/5/2012,50.62
4/4/2012,49.85
4/3/2012,50
4/2/2012,49.99
3/30/2012,50.31
3/29/2012,49.91
3/28/2012,49.91
3/27/2012,50.04
3/26/2012,50.13
3/23/2012,49.54
3/22/2012,49.68
3/21/2012,49.79
3/20/2012,49.38
3/19/2012,48.83
3/16/2012,49.05
3/15/2012,49.2
3/14/2012,49.47
3/13/2012,49.14
3/12/2012,48.59
3/9/2012,48.1
3/8/2012,47.82
3/7/2012,47.39
3/6/2012,46.39
3/5/2012,47.39
3/2/2012,47.41
3/1/2012,47.46
2/29/2012,47.57
2/28/2012,47.23
2/27/2012,46.93
2/24/2012,46.98
2/23/2012,46.95
2/22/2012,46.57
2/21/2012,46.92
2/17/2012,46.71
2/16/2012,45.93
2/15/2012,45.71
2/14/2012,46.06
2/13/2012,45.93
2/10/2012,45.33
2/9/2012,45.27
2/8/2012,45.17
2/7/2012,45.46
2/6/2012,45.2
2/3/2012,45.17
2/2/2012,44.46
2/1/2012,44.47
1/31/2012,44.39
1/30/2012,44.77
1/27/2012,44.87
1/26/2012,44.95
1/25/2012,45.26
1/24/2012,44.96
1/23/2012,44.88
1/20/2012,44.51
1/19/2012,45.41
1/18/2012,44.88
1/17/2012,43.74
1/13/2012,43.51
1/12/2012,43.39
1/11/2012,43.46
1/10/2012,43.53
1/9/2012,43.23
1/6/2012,43.2
1/5/2012,43.09
1/4/2012,42.74
1/3/2012,42.14
12/30/2011,42.04
12/29/2011,42.01
12/28/2011,41.53
12/27/2011,42.22
12/23/2011,42.09
12/22/2011,41.92
12/21/2011,42
12/20/2011,41.95
12/19/2011,40.2
12/16/2011,40.42
12/15/2011,39.42
12/14/2011,39.14
12/13/2011,39.51
12/12/2011,40.05
12/9/2011,40.23
12/8/2011,39.91
12/7/2011,40.73
12/6/2011,40.32
12/5/2011,40.23
12/2/2011,39.94
12/1/2011,39.34
11/30/2011,39.22
11/29/2011,38.96
11/28/2011,37.3
11/25/2011,36.47
11/23/2011,36.52
11/22/2011,37.1
11/21/2011,37.06
11/18/2011,37.88
11/17/2011,37.62
11/16/2011,37.84
11/15/2011,38.07
11/14/2011,38.25
11/11/2011,38.06
11/10/2011,37.2
11/9/2011,37.16
11/8/2011,37.94
11/7/2011,37.34
11/4/2011,36.39
11/3/2011,36.45
11/2/2011,35.99
11/1/2011,35.54
10/31/2011,35.8
10/28/2011,36.12
10/27/2011,37.22
10/26/2011,36.55
10/25/2011,36.04
10/24/2011,36.7
10/21/2011,36.86
10/20/2011,35.73
10/19/2011,35.4
10/18/2011,35.95
10/17/2011,34.65
10/14/2011,35.05
10/13/2011,34.41
10/12/2011,34.72
10/11/2011,34.71
10/10/2011,34.66
10/7/2011,33.92
10/6/2011,33.38
10/5/2011,32.83
10/4/2011,32.47
10/3/2011,31.59
9/30/2011,32.87
9/29/2011,33.79
9/28/2011,33.6
9/27/2011,33.88
9/26/2011,34
9/23/2011,33.72
9/22/2011,33.05
9/21/2011,33.84
9/20/2011,34.81
9/19/2011,34.35
9/16/2011,34.61
9/15/2011,34.28
9/14/2011,33.54
9/13/2011,32.66
9/12/2011,32.35
9/9/2011,31.87
9/8/2011,32.46
9/7/2011,32.87
9/6/2011,32.05
9/2/2011,32.18
9/1/2011,32.93
8/31/2011,33.38
8/30/2011,33.57
8/29/2011,33.99
8/26/2011,34
8/25/2011,33.84
8/24/2011,34.37
8/23/2011,33.11
8/22/2011,32.28
8/19/2011,31.88
8/18/2011,32.16
8/17/2011,33.41
8/16/2011,33.12
8/15/2011,31.46
8/12/2011,30.58
8/11/2011,30.05
8/10/2011,28.51
8/9/2011,30.15
8/8/2011,28.93
8/5/2011,30.74
8/4/2011,31.7
8/3/2011,32.95
8/2/2011,32.82
8/1/2011,34.25
7/29/2011,34.93
7/28/2011,35.15
7/27/2011,35.625
7/26/2011,36.39
7/25/2011,36.65
7/22/2011,36.52
7/21/2011,36.72
7/20/2011,36.41
7/19/2011,36.11
7/18/2011,35.69
7/15/2011,35.91
7/14/2011,35.96
7/13/2011,36.13
7/12/2011,36.11
7/11/2011,36.36
7/8/2011,36.62
7/7/2011,37.05
7/6/2011,36.57
7/5/2011,36.59
7/1/2011,36.73
6/30/2011,36.22
6/29/2011,35.98
6/28/2011,36.06
6/27/2011,35.2
6/24/2011,35.08
6/23/2011,35.65
6/22/2011,34.93
6/21/2011,35.43
6/20/2011,34.77
6/17/2011,34.53
6/16/2011,34.5
6/15/2011,33.88
6/14/2011,34.75
6/13/2011,33.51
6/10/2011,33.47
6/9/2011,34.33
6/8/2011,34.1
6/7/2011,34.33
6/6/2011,34.29
6/3/2011,34.63
6/2/2011,35.09
6/1/2011,35.4
5/31/2011,36.28
5/27/2011,36
5/26/2011,36.19
5/25/2011,36.63
5/24/2011,36.55
5/23/2011,36.82
5/20/2011,37.05
5/19/2011,37.39
5/18/2011,37.46
5/17/2011,37.4
5/16/2011,36.98
5/13/2011,37.01
5/12/2011,37.29
5/11/2011,37.23
5/10/2011,37.27
5/9/2011,36.96
5/6/2011,36.99
5/5/2011,37.01
5/4/2011,37.19
5/3/2011,37.35
5/2/2011,37.35
4/29/2011,37.15
4/28/2011,37.47
4/27/2011,37.32
4/26/2011,37.21
4/25/2011,37.56
4/21/2011,37.8
4/20/2011,37.94
4/19/2011,37.77
4/18/2011,37.76
4/15/2011,38.17
4/14/2011,37.84
4/13/2011,37.67
4/12/2011,37.76
4/11/2011,37.6
4/8/2011,37.46
4/7/2011,37.83
4/6/2011,37.5
4/5/2011,37.6
4/4/2011,37.47
4/1/2011,37.56
3/31/2011,37.06
3/30/2011,37.57
3/29/2011,37.7
3/28/2011,36.65
3/25/2011,37.42
3/24/2011,37.36
3/23/2011,36.62
3/22/2011,36.29
3/21/2011,36.43
3/18/2011,36
3/17/2011,35.76
3/16/2011,35.68
3/15/2011,36.29
3/14/2011,36.68
3/11/2011,37.14
3/10/2011,37.07
3/9/2011,37.67
3/8/2011,37.04
3/7/2011,36.87
3/4/2011,37.22
3/3/2011,37.55
3/2/2011,36.66
3/1/2011,36.76
2/28/2011,37.47
2/25/2011,37.08
2/24/2011,37.14
2/23/2011,37.3
2/22/2011,38.09
2/18/2011,38.48
2/17/2011,38.18
2/16/2011,37.86
2/15/2011,37.69
2/14/2011,37.58
2/11/2011,37.48
2/10/2011,37.31
2/9/2011,37.17
2/8/2011,37.16
2/7/2011,36.6
2/4/2011,36.8
2/3/2011,36.7
2/2/2011,36.56
2/1/2011,36.99
1/31/2011,36.77
1/28/2011,36.7
1/27/2011,37.98
1/26/2011,37.42
1/25/2011,37.16
1/24/2011,36.65
1/21/2011,36.51
1/20/2011,36.49
1/19/2011,35.63
1/18/2011,36.02
1/14/2011,35.89
1/13/2011,35.27
1/12/2011,34.83
1/11/2011,34.86
1/10/2011,34.39
1/7/2011,34.38
1/6/2011,34.42
1/5/2011,34.56
1/4/2011,34.67
1/3/2011,35.31
12/31/2010,35.06
12/30/2010,34.86
12/29/2010,34.89
12/28/2010,35.09
12/27/2010,35.24
12/23/2010,35.09
12/22/2010,35.18
12/21/2010,35.08
12/20/2010,35.2
12/17/2010,35.1
12/16/2010,35.12
12/15/2010,34.79
12/14/2010,34.72
12/13/2010,34.56
12/10/2010,34.4
12/9/2010,34.32
12/8/2010,34.03
12/7/2010,33.55
12/6/2010,33.34
12/3/2010,33.48
12/2/2010,33.36
12/1/2010,31.61
11/30/2010,30.21
11/29/2010,30.69
11/26/2010,31
11/24/2010,31.16
11/23/2010,30.91
11/22/2010,31.09
11/19/2010,31.22
11/18/2010,30.87
11/17/2010,30.83
11/16/2010,31.71
11/15/2010,31.39
11/12/2010,31.44
11/11/2010,31.7
11/10/2010,31.68
11/9/2010,31.47
11/8/2010,31.49
11/5/2010,31.92
11/4/2010,31.94
11/3/2010,31.46
11/2/2010,31.51
11/1/2010,30.71
10/29/2010,30.9
10/28/2010,31.19
10/27/2010,30.9
10/26/2010,31.29
10/25/2010,31.4
10/22/2010,31.48
10/21/2010,31.81
10/20/2010,30.73
10/19/2010,30.41
10/18/2010,30.53
10/15/2010,30.7
10/14/2010,30.81
10/13/2010,31
10/12/2010,31.41
10/11/2010,31.79
10/8/2010,31.89
10/7/2010,31.74
10/6/2010,31.74
10/5/2010,31.74
10/4/2010,31.67
10/1/2010,31.82
9/30/2010,31.68
9/29/2010,31.81
9/28/2010,31.81
9/27/2010,31.6
9/24/2010,31.64
9/23/2010,30.84
9/22/2010,30.88
9/21/2010,30.91
9/20/2010,30.65
9/17/2010,29.89
9/16/2010,29.95
9/15/2010,29.94
9/14/2010,29.97
9/13/2010,29.99
9/10/2010,29.68
9/9/2010,29.41
9/8/2010,29.45
9/7/2010,29.33
9/3/2010,29.85
9/2/2010,29.41
9/1/2010,28.67
8/31/2010,27.82
8/30/2010,27.99
8/27/2010,28.74
8/26/2010,28.38
8/25/2010,28.33
8/24/2010,27.78
8/23/2010,27.83
8/20/2010,28.17
8/19/2010,28.22
8/18/2010,28.86
8/17/2010,28.31
8/16/2010,27.38
8/13/2010,27.31
8/12/2010,27.61
8/11/2010,27.71
8/10/2010,28.24
8/9/2010,28.7
8/6/2010,28.68
8/5/2010,28.71
8/4/2010,28.72
8/3/2010,28.45
8/2/2010,29.12
7/30/2010,28.51
7/29/2010,28.05
7/28/2010,28.08
7/27/2010,28.58
7/26/2010,28.99
7/23/2010,28.25
7/22/2010,28.22
7/21/2010,27.47
7/20/2010,27.93
7/19/2010,27.07
7/16/2010,27.11
7/15/2010,28.34
7/14/2010,28.28
7/13/2010,28.64
7/12/2010,28.31
7/9/2010,28.26
7/8/2010,28.15
7/7/2010,28.01
7/6/2010,27.34
7/2/2010,27.76
7/1/2010,27.92
6/30/2010,28.07
6/29/2010,28.63
6/28/2010,29.59
6/25/2010,30.2
6/24/2010,29.67
6/23/2010,30.5
6/22/2010,30.61
6/21/2010,31.43
6/18/2010,31.94
6/17/2010,31.91
6/16/2010,32.14
6/15/2010,32.26
6/14/2010,32.06
6/11/2010,32.22
6/10/2010,32.72
6/9/2010,31.76
6/8/2010,31.81
6/7/2010,31.55
6/4/2010,32.15
6/3/2010,33.43
6/2/2010,33.87
6/1/2010,33.54
5/28/2010,33.86
5/27/2010,34.55
5/26/2010,34.04
5/25/2010,33.98
5/24/2010,33.22
5/21/2010,33.02
5/20/2010,32.89
5/19/2010,34.38
5/18/2010,34.73
5/17/2010,35.59
5/14/2010,35.2
5/13/2010,35.27
5/12/2010,35.89
5/11/2010,35.63
5/10/2010,35.29
5/7/2010,33.43
5/6/2010,33.96
5/5/2010,35.24
5/4/2010,35.42
5/3/2010,35.87
4/30/2010,35.23
4/29/2010,35.56
4/28/2010,35.19
4/27/2010,35.29
4/26/2010,36.49
4/23/2010,36.39
4/22/2010,35.72
4/21/2010,35.27
4/20/2010,35.18
4/19/2010,35.17
4/16/2010,35.01
4/15/2010,35.14
4/14/2010,34.98
4/13/2010,34.34
4/12/2010,33.48
4/9/2010,33.25
4/8/2010,32.97
4/7/2010,32.61
4/6/2010,32.55
4/5/2010,32.66
4/1/2010,32.38
3/31/2010,32.35
3/30/2010,32.69
3/29/2010,32.6
3/26/2010,32.75
3/25/2010,32.62
3/24/2010,32.32
3/23/2010,32.59
3/22/2010,32.67
3/19/2010,32.36
3/18/2010,32.4
3/17/2010,32.52
3/16/2010,32.55
3/15/2010,32.69
3/12/2010,32.45
3/11/2010,32.13
3/10/2010,31.71
3/9/2010,31.68
3/8/2010,31.96
3/5/2010,31.8
3/4/2010,31.44
3/3/2010,31.47
3/2/2010,31.36
3/1/2010,31.43
2/26/2010,31.2
2/25/2010,31.36
2/24/2010,31.36
2/23/2010,30.75
2/22/2010,30.32
2/19/2010,30.15
2/18/2010,30.3
2/17/2010,30.02
2/16/2010,29.44
2/12/2010,29
2/11/2010,28.99
2/10/2010,28.65
2/9/2010,28.87
2/8/2010,28.59
2/5/2010,27.98
2/4/2010,27.93
2/3/2010,28.47
2/2/2010,29.03
2/1/2010,28.39
1/29/2010,28.01
1/28/2010,27.34
1/27/2010,27.84
1/26/2010,27.73
1/25/2010,27.62
1/22/2010,27.72
1/21/2010,28.48
1/20/2010,28.66
1/19/2010,28.88
1/15/2010,28.57
1/14/2010,28.3
1/13/2010,28.13
1/12/2010,27.98
1/11/2010,28.16
1/8/2010,28.98
1/7/2010,29.12
1/6/2010,28.78
1/5/2010,28.88
1/4/2010,28.67
12/31/2009,28.93
12/30/2009,29.13
12/29/2009,29.27
12/28/2009,29.18
12/24/2009,29.17
12/23/2009,29
12/22/2009,29.29
12/21/2009,28.96
12/18/2009,28.65
12/17/2009,28.8
12/16/2009,28.96
12/15/2009,29.02
12/14/2009,28.87
12/11/2009,28.49
12/10/2009,27.99
12/9/2009,27.55
12/8/2009,27.67
12/7/2009,28.22
12/4/2009,28.08
12/3/2009,27.93
12/2/2009,28.33
12/1/2009,28
11/30/2009,27.36
11/27/2009,27.61
11/25/2009,27.85
11/24/2009,27.56
11/23/2009,27.51
11/20/2009,27.18
11/19/2009,27.11
11/18/2009,27.29
11/17/2009,26.99
11/16/2009,27.65
11/13/2009,27.34
11/12/2009,27.24
11/11/2009,27.31
11/10/2009,26.82
11/9/2009,26.81
11/6/2009,26.08
11/5/2009,25.63
11/4/2009,24.96
11/3/2009,25
11/2/2009,25.06
10/30/2009,25.09
10/29/2009,25.91
10/28/2009,25.21
10/27/2009,26
10/26/2009,26.1
10/23/2009,26.27
10/22/2009,26.72
10/21/2009,26.32
10/20/2009,26.97
10/19/2009,27.63
10/16/2009,27.26
10/15/2009,27.3
10/14/2009,27.38
10/13/2009,27.53
10/12/2009,27.04
10/9/2009,26.96
10/8/2009,26.89
10/7/2009,26.14
10/6/2009,26.29
10/5/2009,26.15
10/2/2009,26.03
10/1/2009,26.32
9/30/2009,26.64
9/29/2009,26.83
9/28/2009,27.26
9/25/2009,26.85
9/24/2009,27.04
9/23/2009,27.35
9/22/2009,27.62
9/21/2009,28.14
9/18/2009,28.23
9/17/2009,27.92
9/16/2009,28.06
9/15/2009,27.41
9/14/2009,27.51
9/11/2009,27.34
9/10/2009,27.53
9/9/2009,27.38
9/8/2009,27.48
9/4/2009,27.03
9/3/2009,26.9
9/2/2009,26.53
9/1/2009,26.74
8/31/2009,27.29
8/28/2009,27.69
8/27/2009,27.55
8/26/2009,27.57
8/25/2009,27.32
8/24/2009,27.03
8/21/2009,27.5
8/20/2009,26.68
8/19/2009,26.75
8/18/2009,26.93
8/17/2009,26.11
8/14/2009,27.14
8/13/2009,27.68
8/12/2009,27.2
8/11/2009,26.89
8/10/2009,27.1
8/7/2009,27.26
8/6/2009,26.54
8/5/2009,26.33
8/4/2009,26.29
8/3/2009,26.32
7/31/2009,25.94
7/30/2009,25.85
7/29/2009,25.39
7/28/2009,25.39
7/27/2009,25.16
7/24/2009,25.32
7/23/2009,25.28
7/22/2009,24.77
7/21/2009,24.46
7/20/2009,24.8
7/17/2009,24.67
7/16/2009,24.4
7/15/2009,24.08
7/14/2009,23.68
7/13/2009,23.11
7/10/2009,22.52
7/9/2009,22.68
7/8/2009,22.66
7/7/2009,22.4
7/6/2009,22.88
7/2/2009,22.81
7/1/2009,23.71
6/30/2009,23.63
6/29/2009,23.87
6/26/2009,23.61
6/25/2009,23.57
6/24/2009,22.68
6/23/2009,22.88
6/22/2009,23.25
6/19/2009,23.52
6/18/2009,23.35
6/17/2009,23.65
6/16/2009,23.2
6/15/2009,23.85
6/12/2009,24.15
6/11/2009,24.23
6/10/2009,24.39
6/9/2009,24.35
6/8/2009,24.56
6/5/2009,24.17
6/4/2009,24.57
6/3/2009,24.37
6/2/2009,24.5
6/1/2009,24.16
5/29/2009,23.16
5/28/2009,22.7
5/27/2009,23.33
5/26/2009,23.8
5/22/2009,22.86
5/21/2009,22.89
5/20/2009,23.83
5/19/2009,24.63
5/18/2009,26.02
5/15/2009,24.4
5/14/2009,24.53
